[{"model": "admin.logentry", "pk": 1, "fields": {"action_time": "2023-03-12T00:38:27.895Z", "user": 1, "content_type": 12, "object_id": "1", "object_repr": "Property object (1)", "action_flag": 2, "change_message": "[{\"changed\": {\"fields\": [\"Owner\"]}}]"}}, {"model": "admin.logentry", "pk": 2, "fields": {"action_time": "2023-03-12T00:39:28.812Z", "user": 1, "content_type": 14, "object_id": "1", "object_repr": "Reservation object (1)", "action_flag": 2, "change_message": "[{\"changed\": {\"fields\": [\"Reserve guest\", \"Reserve property\"]}}]"}}, {"model": "admin.logentry", "pk": 3, "fields": {"action_time": "2023-03-12T00:40:26.409Z", "user": 1, "content_type": 14, "object_id": "1", "object_repr": "Reservation object (1)", "action_flag": 2, "change_message": "[]"}}, {"model": "admin.logentry", "pk": 4, "fields": {"action_time": "2023-03-12T00:50:51.688Z", "user": 1, "content_type": 11, "object_id": "1", "object_repr": "Notification object (1)", "action_flag": 1, "change_message": "[{\"added\": {}}]"}}, {"model": "admin.logentry", "pk": 5, "fields": {"action_time": "2023-03-12T00:51:02.637Z", "user": 1, "content_type": 11, "object_id": "2", "object_repr": "Notification object (2)", "action_flag": 1, "change_message": "[{\"added\": {}}]"}}, {"model": "admin.logentry", "pk": 6, "fields": {"action_time": "2023-03-12T00:51:12.785Z", "user": 1, "content_type": 11, "object_id": "3", "object_repr": "Notification object (3)", "action_flag": 1, "change_message": "[{\"added\": {}}]"}}, {"model": "admin.logentry", "pk": 7, "fields": {"action_time": "2023-03-12T00:51:23.020Z", "user": 1, "content_type": 11, "object_id": "4", "object_repr": "Notification object (4)", "action_flag": 1, "change_message": "[{\"added\": {}}]"}}, {"model": "admin.logentry", "pk": 8, "fields": {"action_time": "2023-03-12T00:51:32.220Z", "user": 1, "content_type": 11, "object_id": "5", "object_repr": "Notification object (5)", "action_flag": 1, "change_message": "[{\"added\": {}}]"}}, {"model": "admin.logentry", "pk": 9, "fields": {"action_time": "2023-03-12T00:51:45.473Z", "user": 1, "content_type": 11, "object_id": "6", "object_repr": "Notification object (6)", "action_flag": 1, "change_message": "[{\"added\": {}}]"}}, {"model": "admin.logentry", "pk": 10, "fields": {"action_time": "2023-03-12T01:09:41.926Z", "user": 1, "content_type": 9, "object_id": "3", "object_repr": "PropertyComment object (3)", "action_flag": 1, "change_message": "[{\"added\": {}}]"}}, {"model": "admin.logentry", "pk": 11, "fields": {"action_time": "2023-03-12T01:09:52.765Z", "user": 1, "content_type": 9, "object_id": "4", "object_repr": "PropertyComment object (4)", "action_flag": 1, "change_message": "[{\"added\": {}}]"}}, {"model": "admin.logentry", "pk": 12, "fields": {"action_time": "2023-03-12T01:10:08.284Z", "user": 1, "content_type": 9, "object_id": "5", "object_repr": "PropertyComment object (5)", "action_flag": 1, "change_message": "[{\"added\": {}}]"}}, {"model": "admin.logentry", "pk": 13, "fields": {"action_time": "2023-03-12T01:10:20.014Z", "user": 1, "content_type": 9, "object_id": "6", "object_repr": "PropertyComment object (6)", "action_flag": 1, "change_message": "[{\"added\": {}}]"}}, {"model": "admin.logentry", "pk": 14, "fields": {"action_time": "2023-03-12T01:13:56.812Z", "user": 1, "content_type": 10, "object_id": "1", "object_repr": "UserComment object (1)", "action_flag": 1, "change_message": "[{\"added\": {}}]"}}, {"model": "admin.logentry", "pk": 15, "fields": {"action_time": "2023-03-12T01:14:07.811Z", "user": 1, "content_type": 10, "object_id": "2", "object_repr": "UserComment object (2)", "action_flag": 1, "change_message": "[{\"added\": {}}]"}}, {"model": "admin.logentry", "pk": 16, "fields": {"action_time": "2023-03-12T01:14:18.972Z", "user": 1, "content_type": 10, "object_id": "3", "object_repr": "UserComment object (3)", "action_flag": 1, "change_message": "[{\"added\": {}}]"}}, {"model": "admin.logentry", "pk": 17, "fields": {"action_time": "2023-03-12T01:14:29.603Z", "user": 1, "content_type": 10, "object_id": "4", "object_repr": "UserComment object (4)", "action_flag": 1, "change_message": "[{\"added\": {}}]"}}, {"model": "admin.logentry", "pk": 18, "fields": {"action_time": "2023-03-12T01:14:34.822Z", "user": 1, "content_type": 10, "object_id": "5", "object_repr": "UserComment object (5)", "action_flag": 1, "change_message": "[{\"added\": {}}]"}}, {"model": "admin.logentry", "pk": 19, "fields": {"action_time": "2023-03-12T01:14:42.432Z", "user": 1, "content_type": 10, "object_id": "6", "object_repr": "UserComment object (6)", "action_flag": 1, "change_message": "[{\"added\": {}}]"}}, {"model": "auth.permission", "pk": 1, "fields": {"name": "Can add log entry", "content_type": 1, "codename": "add_logentry"}}, {"model": "auth.permission", "pk": 2, "fields": {"name": "Can change log entry", "content_type": 1, "codename": "change_logentry"}}, {"model": "auth.permission", "pk": 3, "fields": {"name": "Can delete log entry", "content_type": 1, "codename": "delete_logentry"}}, {"model": "auth.permission", "pk": 4, "fields": {"name": "Can view log entry", "content_type": 1, "codename": "view_logentry"}}, {"model": "auth.permission", "pk": 5, "fields": {"name": "Can add permission", "content_type": 2, "codename": "add_permission"}}, {"model": "auth.permission", "pk": 6, "fields": {"name": "Can change permission", "content_type": 2, "codename": "change_permission"}}, {"model": "auth.permission", "pk": 7, "fields": {"name": "Can delete permission", "content_type": 2, "codename": "delete_permission"}}, {"model": "auth.permission", "pk": 8, "fields": {"name": "Can view permission", "content_type": 2, "codename": "view_permission"}}, {"model": "auth.permission", "pk": 9, "fields": {"name": "Can add group", "content_type": 3, "codename": "add_group"}}, {"model": "auth.permission", "pk": 10, "fields": {"name": "Can change group", "content_type": 3, "codename": "change_group"}}, {"model": "auth.permission", "pk": 11, "fields": {"name": "Can delete group", "content_type": 3, "codename": "delete_group"}}, {"model": "auth.permission", "pk": 12, "fields": {"name": "Can view group", "content_type": 3, "codename": "view_group"}}, {"model": "auth.permission", "pk": 13, "fields": {"name": "Can add content type", "content_type": 4, "codename": "add_contenttype"}}, {"model": "auth.permission", "pk": 14, "fields": {"name": "Can change content type", "content_type": 4, "codename": "change_contenttype"}}, {"model": "auth.permission", "pk": 15, "fields": {"name": "Can delete content type", "content_type": 4, "codename": "delete_contenttype"}}, {"model": "auth.permission", "pk": 16, "fields": {"name": "Can view content type", "content_type": 4, "codename": "view_contenttype"}}, {"model": "auth.permission", "pk": 17, "fields": {"name": "Can add session", "content_type": 5, "codename": "add_session"}}, {"model": "auth.permission", "pk": 18, "fields": {"name": "Can change session", "content_type": 5, "codename": "change_session"}}, {"model": "auth.permission", "pk": 19, "fields": {"name": "Can delete session", "content_type": 5, "codename": "delete_session"}}, {"model": "auth.permission", "pk": 20, "fields": {"name": "Can view session", "content_type": 5, "codename": "view_session"}}, {"model": "auth.permission", "pk": 21, "fields": {"name": "Can add Token", "content_type": 6, "codename": "add_token"}}, {"model": "auth.permission", "pk": 22, "fields": {"name": "Can change Token", "content_type": 6, "codename": "change_token"}}, {"model": "auth.permission", "pk": 23, "fields": {"name": "Can delete Token", "content_type": 6, "codename": "delete_token"}}, {"model": "auth.permission", "pk": 24, "fields": {"name": "Can view Token", "content_type": 6, "codename": "view_token"}}, {"model": "auth.permission", "pk": 25, "fields": {"name": "Can add token", "content_type": 7, "codename": "add_tokenproxy"}}, {"model": "auth.permission", "pk": 26, "fields": {"name": "Can change token", "content_type": 7, "codename": "change_tokenproxy"}}, {"model": "auth.permission", "pk": 27, "fields": {"name": "Can delete token", "content_type": 7, "codename": "delete_tokenproxy"}}, {"model": "auth.permission", "pk": 28, "fields": {"name": "Can view token", "content_type": 7, "codename": "view_tokenproxy"}}, {"model": "auth.permission", "pk": 29, "fields": {"name": "Can add user", "content_type": 8, "codename": "add_user"}}, {"model": "auth.permission", "pk": 30, "fields": {"name": "Can change user", "content_type": 8, "codename": "change_user"}}, {"model": "auth.permission", "pk": 31, "fields": {"name": "Can delete user", "content_type": 8, "codename": "delete_user"}}, {"model": "auth.permission", "pk": 32, "fields": {"name": "Can view user", "content_type": 8, "codename": "view_user"}}, {"model": "auth.permission", "pk": 33, "fields": {"name": "Can add property comment", "content_type": 9, "codename": "add_propertycomment"}}, {"model": "auth.permission", "pk": 34, "fields": {"name": "Can change property comment", "content_type": 9, "codename": "change_propertycomment"}}, {"model": "auth.permission", "pk": 35, "fields": {"name": "Can delete property comment", "content_type": 9, "codename": "delete_propertycomment"}}, {"model": "auth.permission", "pk": 36, "fields": {"name": "Can view property comment", "content_type": 9, "codename": "view_propertycomment"}}, {"model": "auth.permission", "pk": 37, "fields": {"name": "Can add user comment", "content_type": 10, "codename": "add_usercomment"}}, {"model": "auth.permission", "pk": 38, "fields": {"name": "Can change user comment", "content_type": 10, "codename": "change_usercomment"}}, {"model": "auth.permission", "pk": 39, "fields": {"name": "Can delete user comment", "content_type": 10, "codename": "delete_usercomment"}}, {"model": "auth.permission", "pk": 40, "fields": {"name": "Can view user comment", "content_type": 10, "codename": "view_usercomment"}}, {"model": "auth.permission", "pk": 41, "fields": {"name": "Can add notification", "content_type": 11, "codename": "add_notification"}}, {"model": "auth.permission", "pk": 42, "fields": {"name": "Can change notification", "content_type": 11, "codename": "change_notification"}}, {"model": "auth.permission", "pk": 43, "fields": {"name": "Can delete notification", "content_type": 11, "codename": "delete_notification"}}, {"model": "auth.permission", "pk": 44, "fields": {"name": "Can view notification", "content_type": 11, "codename": "view_notification"}}, {"model": "auth.permission", "pk": 45, "fields": {"name": "Can add property", "content_type": 12, "codename": "add_property"}}, {"model": "auth.permission", "pk": 46, "fields": {"name": "Can change property", "content_type": 12, "codename": "change_property"}}, {"model": "auth.permission", "pk": 47, "fields": {"name": "Can delete property", "content_type": 12, "codename": "delete_property"}}, {"model": "auth.permission", "pk": 48, "fields": {"name": "Can view property", "content_type": 12, "codename": "view_property"}}, {"model": "auth.permission", "pk": 49, "fields": {"name": "Can add pricetag", "content_type": 13, "codename": "add_pricetag"}}, {"model": "auth.permission", "pk": 50, "fields": {"name": "Can change pricetag", "content_type": 13, "codename": "change_pricetag"}}, {"model": "auth.permission", "pk": 51, "fields": {"name": "Can delete pricetag", "content_type": 13, "codename": "delete_pricetag"}}, {"model": "auth.permission", "pk": 52, "fields": {"name": "Can view pricetag", "content_type": 13, "codename": "view_pricetag"}}, {"model": "auth.permission", "pk": 53, "fields": {"name": "Can add reservation", "content_type": 14, "codename": "add_reservation"}}, {"model": "auth.permission", "pk": 54, "fields": {"name": "Can change reservation", "content_type": 14, "codename": "change_reservation"}}, {"model": "auth.permission", "pk": 55, "fields": {"name": "Can delete reservation", "content_type": 14, "codename": "delete_reservation"}}, {"model": "auth.permission", "pk": 56, "fields": {"name": "Can view reservation", "content_type": 14, "codename": "view_reservation"}}, {"model": "sessions.session", "pk": "papf53hoxgs93evzxpoe6rtiio9who88", "fields": {"session_data": ".eJxVjEEOwiAQRe_C2pBQmAIu3XsGMsMMUjU0Ke3KeHdt0oVu_3vvv1TCba1p67KkidVZGXX63QjzQ9oO-I7tNus8t3WZSO-KPmjX15nleTncv4OKvX7riMY574uB4B2PFIJFGbIAUomYc4wuABdxDoI1BmjACMQF4miBvKj3B-CDN_Q:1pbATd:lIQ8N1M1tQAcJSGjhg5pSSR3X_HtQPi49kdRHuVQEFs", "expire_date": "2023-03-26T01:26:21.091Z"}}, {"model": "sessions.session", "pk": "sysgi1pevyiqe3nvgqfhj7njba6g981f", "fields": {"session_data": ".eJxVjEEOwiAQRe_C2pBQmAIu3XsGMsMMUjU0Ke3KeHdt0oVu_3vvv1TCba1p67KkidVZGXX63QjzQ9oO-I7tNus8t3WZSO-KPmjX15nleTncv4OKvX7riMY574uB4B2PFIJFGbIAUomYc4wuABdxDoI1BmjACMQF4miBvKj3B-CDN_Q:1pb7fl:QGZdg4d6bxUO5HnFK9rp3upk2ZR3Y4wt-VGxK9TA5DQ", "expire_date": "2023-03-25T22:26:41.886Z"}}, {"model": "accounts.user", "pk": 1, "fields": {"password": "pbkdf2_sha256$320000$E2xIVq5LfmfpzEopkUGboB$3/Dp9mBOrfkeqFNwsxz+T42XSRJpOZc/WVLcyB/CO5k=", "last_login": "2023-03-12T01:26:21.090Z", "is_superuser": true, "username": "admin", "is_staff": true, "is_active": true, "date_joined": "2023-03-09T00:00:00Z", "email": "admin@example.com", "first_name": "Admin", "last_name": "User", "phone_number": "123-456-7890", "address_1": null, "address_2": null, "city": null, "zip_postcode": null, "state_province": null, "country": null, "avatar": "avatars/avatar.jpg", "groups": [], "user_permissions": []}}, {"model": "accounts.user", "pk": 2, "fields": {"password": "pbkdf2_sha256$320000$E2xIVq5LfmfpzEopkUGboB$3/Dp9mBOrfkeqFNwsxz+T42XSRJpOZc/WVLcyB/CO5k=", "last_login": null, "is_superuser": false, "username": "john_doe", "is_staff": false, "is_active": true, "date_joined": "2023-03-09T00:00:00Z", "email": "johndoe@example.com", "first_name": "John", "last_name": "Doe", "phone_number": "555-123-4567", "address_1": null, "address_2": null, "city": null, "zip_postcode": null, "state_province": null, "country": null, "avatar": "", "groups": [], "user_permissions": []}}, {"model": "accounts.user", "pk": 3, "fields": {"password": "pbkdf2_sha256$320000$E2xIVq5LfmfpzEopkUGboB$3/Dp9mBOrfkeqFNwsxz+T42XSRJpOZc/WVLcyB/CO5k=", "last_login": null, "is_superuser": false, "username": "jane_smith", "is_staff": false, "is_active": true, "date_joined": "2023-03-09T00:00:00Z", "email": "janesmith@example.com", "first_name": "Jane", "last_name": "Smith", "phone_number": "123-555-6789", "address_1": null, "address_2": null, "city": null, "zip_postcode": null, "state_province": null, "country": null, "avatar": "", "groups": [], "user_permissions": []}}, {"model": "accounts.user", "pk": 4, "fields": {"password": "pbkdf2_sha256$320000$E2xIVq5LfmfpzEopkUGboB$3/Dp9mBOrfkeqFNwsxz+T42XSRJpOZc/WVLcyB/CO5k=", "last_login": null, "is_superuser": false, "username": "jackie_chan", "is_staff": false, "is_active": true, "date_joined": "2023-03-09T00:00:00Z", "email": "jackiechan@example.com", "first_name": "Jackie", "last_name": "Chan", "phone_number": "999-888-7777", "address_1": null, "address_2": null, "city": null, "zip_postcode": null, "state_province": null, "country": null, "avatar": "", "groups": [], "user_permissions": []}}, {"model": "accounts.user", "pk": 5, "fields": {"password": "pbkdf2_sha256$320000$E2xIVq5LfmfpzEopkUGboB$3/Dp9mBOrfkeqFNwsxz+T42XSRJpOZc/WVLcyB/CO5k=", "last_login": null, "is_superuser": false, "username": "alice_smith", "is_staff": false, "is_active": true, "date_joined": "2023-03-09T00:00:00Z", "email": "alicesmith@example.com", "first_name": "Alice", "last_name": "Smith", "phone_number": "234-223-5566", "address_1": null, "address_2": null, "city": null, "zip_postcode": null, "state_province": null, "country": null, "avatar": "", "groups": [], "user_permissions": []}}, {"model": "comments.propertycomment", "pk": 1, "fields": {"text": "testing", "property": 1, "parent_comment": null, "user": 1}}, {"model": "comments.propertycomment", "pk": 2, "fields": {"text": "reply", "property": 1, "parent_comment": 1, "user": 1}}, {"model": "comments.propertycomment", "pk": 3, "fields": {"text": "comment", "property": 1, "parent_comment": null, "user": 1}}, {"model": "comments.propertycomment", "pk": 4, "fields": {"text": "comment", "property": 1, "parent_comment": null, "user": 1}}, {"model": "comments.propertycomment", "pk": 5, "fields": {"text": "reply", "property": 1, "parent_comment": 1, "user": 1}}, {"model": "comments.propertycomment", "pk": 6, "fields": {"text": "reply", "property": 1, "parent_comment": 4, "user": 1}}, {"model": "comments.usercomment", "pk": 1, "fields": {"user": 1, "host": 2, "text": "user comment"}}, {"model": "comments.usercomment", "pk": 2, "fields": {"user": 1, "host": 3, "text": "user comment"}}, {"model": "comments.usercomment", "pk": 3, "fields": {"user": 1, "host": 3, "text": "user comment"}}, {"model": "comments.usercomment", "pk": 4, "fields": {"user": 1, "host": 3, "text": "user comment"}}, {"model": "comments.usercomment", "pk": 5, "fields": {"user": 1, "host": 3, "text": "user comment"}}, {"model": "comments.usercomment", "pk": 6, "fields": {"user": 1, "host": 3, "text": "user comment"}}, {"model": "comments.usercomment", "pk": 7, "fields": {"user": 1, "host": 1, "text": "NEW"}}, {"model": "notifications.notification", "pk": 1, "fields": {"type": "NEW", "user": 1, "property": 1}}, {"model": "notifications.notification", "pk": 2, "fields": {"type": "HCANCLE", "user": 1, "property": 2}}, {"model": "notifications.notification", "pk": 3, "fields": {"type": "APPROVED", "user": 1, "property": 4}}, {"model": "notifications.notification", "pk": 4, "fields": {"type": "UCANCLE", "user": 1, "property": 6}}, {"model": "notifications.notification", "pk": 5, "fields": {"type": "HCANCLE", "user": 1, "property": 12}}, {"model": "notifications.notification", "pk": 6, "fields": {"type": "APPROVED", "user": 1, "property": 1}}, {"model": "notifications.notification", "pk": 7, "fields": {"type": "NEW", "user": 1, "property": 1}}, {"model": "properties.property", "pk": 1, "fields": {"owner": 1, "property_name": "Beautiful Villa", "country": "United States", "city": "Los Angeles", "detailed_address": "1234 Hollywood Blvd", "zip_postcode": "90028", "phone_number": "555-123-4567", "email": "johndoe@example.com", "property_type": "Apartment", "bedrooms": 1, "washrooms": 1, "livingrooms": 1, "guests": 2, "place_type": null, "property_description": "A beautiful and spacious villa in the heart of Los Angeles.", "last_modified": "2023-03-12T00:38:27.892Z", "swimpool": false, "wifi": true, "tv": true, "gym": false, "fire_extinguisher": true, "aircondition": true, "parking": false, "bathtub": false, "status": false, "price": 100.0, "image1": "property_image/property_details1.jpg", "image2": "property_image/property_details2.jpg", "image3": "", "image4": "", "image5": "", "image6": "", "image7": "", "image8": ""}}, {"model": "properties.property", "pk": 2, "fields": {"owner": 2, "property_name": "Luxury Apartment", "country": "United States", "city": "Los Angeles", "detailed_address": "4321 Wilshire Blvd", "zip_postcode": "90010", "phone_number": "555-123-4567", "email": "johndoe@example.com", "property_type": "Apartment", "bedrooms": 2, "washrooms": 2, "livingrooms": 1, "guests": 4, "place_type": "Entire place", "property_description": "A luxurious and modern apartment in the heart of Los Angeles.", "last_modified": "2023-03-09T00:00:00Z", "swimpool": false, "wifi": true, "tv": true, "gym": true, "fire_extinguisher": true, "aircondition": true, "parking": false, "bathtub": false, "status": true, "price": 120.0, "image1": "property_image/place2.jpg", "image2": "", "image3": "", "image4": "", "image5": "", "image6": "", "image7": "", "image8": ""}}, {"model": "properties.property", "pk": 3, "fields": {"owner": 2, "property_name": "Cozy House", "country": "United States", "city": "Los Angeles", "detailed_address": "5678 Sunset Blvd", "zip_postcode": "90027", "phone_number": "555-123-4567", "email": "johndoe@example.com", "property_type": "House", "bedrooms": 6, "washrooms": 6, "livingrooms": 2, "guests": 12, "place_type": "", "property_description": "A cozy and charming house located in the heart of Los Angeles.", "last_modified": "2023-03-09T00:00:00Z", "swimpool": true, "wifi": true, "tv": true, "gym": true, "fire_extinguisher": true, "aircondition": true, "parking": true, "bathtub": false, "status": true, "price": 300.0, "image1": "property_image/place3.jpg", "image2": "", "image3": "", "image4": "", "image5": "", "image6": "", "image7": "", "image8": ""}}, {"model": "properties.property", "pk": 4, "fields": {"owner": 2, "property_name": "Stylish Townhouse", "country": "United States", "city": "Los Angeles", "detailed_address": "9876 Melrose Ave", "zip_postcode": "90069", "phone_number": "555-123-4567", "email": "johndoe@example.com", "property_type": "Townhouse", "bedrooms": 4, "washrooms": 3, "livingrooms": 1, "guests": 8, "place_type": "", "property_description": "A stylish and elegant townhouse in the heart of Los Angeles.", "last_modified": "2023-03-09T00:00:00Z", "swimpool": false, "wifi": true, "tv": true, "gym": true, "fire_extinguisher": true, "aircondition": true, "parking": true, "bathtub": false, "status": true, "price": 180.0, "image1": "property_image/place4.jpg", "image2": "", "image3": "", "image4": "", "image5": "", "image6": "", "image7": "", "image8": ""}}, {"model": "properties.property", "pk": 5, "fields": {"owner": 2, "property_name": "Rustic Cabin", "country": "United States", "city": "Los Angeles", "detailed_address": "2468 Mulholland Dr", "zip_postcode": "90069", "phone_number": "555-123-4567", "email": "johndoe@example.com", "property_type": "Cabin", "bedrooms": 3, "washrooms": 2, "livingrooms": 1, "guests": 6, "place_type": "", "property_description": "A charming and rustic cabin nestled in the hills of Los Angeles.", "last_modified": "2023-03-09T00:00:00Z", "swimpool": false, "wifi": true, "tv": true, "gym": false, "fire_extinguisher": true, "aircondition": true, "parking": true, "bathtub": false, "status": true, "price": 150.0, "image1": "property_image/place5.jpg", "image2": "", "image3": "", "image4": "", "image5": "", "image6": "", "image7": "", "image8": ""}}, {"model": "properties.property", "pk": 6, "fields": {"owner": 2, "property_name": "Spacious House", "country": "United States", "city": "Los Angeles", "detailed_address": "1111 Rodeo Dr", "zip_postcode": "90210", "phone_number": "555-123-4567", "email": "johndoe@example.com", "property_type": "House", "bedrooms": 6, "washrooms": 4, "livingrooms": 2, "guests": 12, "place_type": "", "property_description": "A spacious and modern house in the prestigious Beverly Hills area of Los Angeles.", "last_modified": "2023-03-09T00:00:00Z", "swimpool": true, "wifi": true, "tv": true, "gym": true, "fire_extinguisher": true, "aircondition": true, "parking": true, "bathtub": true, "status": true, "price": 320.0, "image1": "property_image/place6.jpg", "image2": "", "image3": "", "image4": "", "image5": "", "image6": "", "image7": "", "image8": ""}}, {"model": "properties.property", "pk": 7, "fields": {"owner": 2, "property_name": "Secluded Cabin", "country": "United States", "city": "Los Angeles", "detailed_address": "3690 Laurel Canyon Blvd", "zip_postcode": "91604", "phone_number": "555-123-4567", "email": "johndoe@example.com", "property_type": "Cabin", "bedrooms": 3, "washrooms": 3, "livingrooms": 1, "guests": 6, "place_type": "", "property_description": "A secluded and peaceful cabin located in the scenic hills of Studio City, Los Angeles.", "last_modified": "2023-03-09T00:00:00Z", "swimpool": false, "wifi": true, "tv": true, "gym": false, "fire_extinguisher": true, "aircondition": true, "parking": true, "bathtub": false, "status": true, "price": 175.0, "image1": "property_image/place7.jpg", "image2": "", "image3": "", "image4": "", "image5": "", "image6": "", "image7": "", "image8": ""}}, {"model": "properties.property", "pk": 8, "fields": {"owner": 3, "property_name": "Downtown Condo", "country": "Canada", "city": "Toronto", "detailed_address": "123 Yonge St", "zip_postcode": "M5C 1W4", "phone_number": "123-555-6789", "email": "janesmith@example.com", "property_type": "Apartment", "bedrooms": 3, "washrooms": 3, "livingrooms": 1, "guests": 6, "place_type": "Entire place", "property_description": "A luxurious and modern condo in the heart of downtown Toronto.", "last_modified": "2023-03-09T00:00:00Z", "swimpool": false, "wifi": true, "tv": true, "gym": false, "fire_extinguisher": true, "aircondition": true, "parking": false, "bathtub": false, "status": true, "price": 225.0, "image1": "property_image/place8.jpg", "image2": "", "image3": "", "image4": "", "image5": "", "image6": "", "image7": "", "image8": ""}}, {"model": "properties.property", "pk": 9, "fields": {"owner": 3, "property_name": "Victorian House", "country": "Canada", "city": "Toronto", "detailed_address": "456 Queen St E", "zip_postcode": "M5A 1T7", "phone_number": "123-555-6789", "email": "janesmith@example.com", "property_type": "House", "bedrooms": 7, "washrooms": 4, "livingrooms": 2, "guests": 14, "place_type": null, "property_description": "A charming and historic Victorian house in the trendy neighbourhood of Leslieville, Toronto.", "last_modified": "2023-03-09T00:00:00Z", "swimpool": true, "wifi": true, "tv": true, "gym": true, "fire_extinguisher": true, "aircondition": true, "parking": true, "bathtub": true, "status": true, "price": 400.0, "image1": "property_image/place9.jpg", "image2": "", "image3": "", "image4": "", "image5": "", "image6": "", "image7": "", "image8": ""}}, {"model": "properties.property", "pk": 10, "fields": {"owner": 3, "property_name": "Modern Townhouse", "country": "Canada", "city": "Toronto", "detailed_address": "789 King St W", "zip_postcode": "M5V 1N4", "phone_number": "123-555-6789", "email": "janesmith@example.com", "property_type": "Townhouse", "bedrooms": 4, "washrooms": 2, "livingrooms": 1, "guests": 8, "place_type": null, "property_description": "A sleek and contemporary townhouse in the vibrant King West neighbourhood of Toronto.", "last_modified": "2023-03-09T00:00:00Z", "swimpool": false, "wifi": true, "tv": true, "gym": true, "fire_extinguisher": true, "aircondition": true, "parking": true, "bathtub": false, "status": true, "price": 250.0, "image1": "property_image/place1.jpg", "image2": "", "image3": "", "image4": "", "image5": "", "image6": "", "image7": "", "image8": ""}}, {"model": "properties.property", "pk": 11, "fields": {"owner": 3, "property_name": "Cozy Apartment", "country": "Canada", "city": "Toronto", "detailed_address": "101 Elm St", "zip_postcode": "M5G 1H1", "phone_number": "123-555-6789", "email": "janesmith@example.com", "property_type": "Apartment", "bedrooms": 3, "washrooms": 2, "livingrooms": 1, "guests": 6, "place_type": null, "property_description": "A cozy and comfortable apartment located in the heart of downtown Toronto.", "last_modified": "2023-03-09T00:00:00Z", "swimpool": false, "wifi": true, "tv": true, "gym": true, "fire_extinguisher": true, "aircondition": true, "parking": true, "bathtub": true, "status": true, "price": 200.0, "image1": "property_image/place2.jpg", "image2": "", "image3": "", "image4": "", "image5": "", "image6": "", "image7": "", "image8": ""}}, {"model": "properties.property", "pk": 12, "fields": {"owner": 3, "property_name": "Chic Loft", "country": "United States", "city": "New York", "detailed_address": "123 Broadway", "zip_postcode": "10010", "phone_number": "123-555-6789", "email": "janesmith@example.com", "property_type": "Apartment", "bedrooms": 2, "washrooms": 2, "livingrooms": 1, "guests": 4, "place_type": null, "property_description": "A stylish and modern loft in the trendy neighbourhood of Flatiron, New York.", "last_modified": "2023-03-09T00:00:00Z", "swimpool": false, "wifi": true, "tv": true, "gym": true, "fire_extinguisher": true, "aircondition": true, "parking": false, "bathtub": false, "status": true, "price": 150.0, "image1": "property_image/place3.jpg", "image2": "", "image3": "", "image4": "", "image5": "", "image6": "", "image7": "", "image8": ""}}, {"model": "properties.property", "pk": 13, "fields": {"owner": 3, "property_name": "Stylish Flat", "country": "United Kingdom", "city": "London", "detailed_address": "123 Oxford St", "zip_postcode": "W1D 2EU", "phone_number": "123-555-6789", "email": "janesmith@example.com", "property_type": "Apartment", "bedrooms": 3, "washrooms": 2, "livingrooms": 1, "guests": 6, "place_type": null, "property_description": "A stylish and modern flat located in the heart of London's West End.", "last_modified": "2023-03-09T00:00:00Z", "swimpool": false, "wifi": true, "tv": true, "gym": true, "fire_extinguisher": true, "aircondition": true, "parking": true, "bathtub": true, "status": true, "price": 175.0, "image1": "property_image/place4.jpg", "image2": "", "image3": "", "image4": "", "image5": "", "image6": "", "image7": "", "image8": ""}}, {"model": "properties.property", "pk": 14, "fields": {"owner": 4, "property_name": "Luxury House", "country": "Canada", "city": "Toronto", "detailed_address": "222 Bloor St W", "zip_postcode": "M5S 1T8", "phone_number": "999-888-7777", "email": "jackiechan@example.com", "property_type": "House", "bedrooms": 4, "washrooms": 3, "livingrooms": 1, "guests": 8, "place_type": null, "property_description": "A luxurious and spacious house in the prestigious Yorkville neighbourhood of Toronto.", "last_modified": "2023-03-09T00:00:00Z", "swimpool": true, "wifi": true, "tv": true, "gym": true, "fire_extinguisher": true, "aircondition": true, "parking": true, "bathtub": false, "status": true, "price": 200.0, "image1": "property_image/place5.jpg", "image2": "", "image3": "", "image4": "", "image5": "", "image6": "", "image7": "", "image8": ""}}, {"model": "properties.property", "pk": 15, "fields": {"owner": 4, "property_name": "Charming Cottage", "country": "Canada", "city": "Toronto", "detailed_address": "333 High Park Ave", "zip_postcode": "M6P 2S8", "phone_number": "999-888-7777", "email": "jackiechan@example.com", "property_type": "House", "bedrooms": 5, "washrooms": 3, "livingrooms": 1, "guests": 10, "place_type": null, "property_description": "A charming and cozy cottage located in the beautiful High Park neighbourhood of Toronto.", "last_modified": "2023-03-09T00:00:00Z", "swimpool": true, "wifi": true, "tv": true, "gym": true, "fire_extinguisher": true, "aircondition": true, "parking": true, "bathtub": false, "status": true, "price": 275.0, "image1": "property_image/place6.jpg", "image2": "", "image3": "", "image4": "", "image5": "", "image6": "", "image7": "", "image8": ""}}, {"model": "properties.property", "pk": 16, "fields": {"owner": 4, "property_name": "Luxury Penthouse", "country": "United States", "city": "New York", "detailed_address": "456 Park Ave", "zip_postcode": "10022", "phone_number": "999-888-7777", "email": "jackiechan@example.com", "property_type": "Apartment", "bedrooms": 3, "washrooms": 2, "livingrooms": 1, "guests": 6, "place_type": null, "property_description": "A luxurious and spacious penthouse located in the upscale Upper East Side neighbourhood of New York.", "last_modified": "2023-03-09T00:00:00Z", "swimpool": false, "wifi": true, "tv": true, "gym": true, "fire_extinguisher": true, "aircondition": true, "parking": true, "bathtub": false, "status": true, "price": 150.0, "image1": "property_image/place7.jpg", "image2": "", "image3": "", "image4": "", "image5": "", "image6": "", "image7": "", "image8": ""}}, {"model": "properties.property", "pk": 17, "fields": {"owner": 4, "property_name": "Cozy Brownstone", "country": "United States", "city": "New York", "detailed_address": "789 Brooklyn Ave", "zip_postcode": "11213", "phone_number": "999-888-7777", "email": "jackiechan@example.com", "property_type": "House", "bedrooms": 4, "washrooms": 4, "livingrooms": 1, "guests": 8, "place_type": null, "property_description": "A charming and cozy brownstone located in the historic neighbourhood of Crown Heights, Brooklyn, New York.", "last_modified": "2023-03-09T00:00:00Z", "swimpool": true, "wifi": true, "tv": true, "gym": true, "fire_extinguisher": true, "aircondition": true, "parking": true, "bathtub": true, "status": true, "price": 400.0, "image1": "property_image/place8.jpg", "image2": "", "image3": "", "image4": "", "image5": "", "image6": "", "image7": "", "image8": ""}}, {"model": "properties.property", "pk": 18, "fields": {"owner": 4, "property_name": "Victorian Townhouse", "country": "United Kingdom", "city": "London", "detailed_address": "456 Camden Rd", "zip_postcode": "N7 0SH", "phone_number": "999-888-7777", "email": "jackiechan@example.com", "property_type": "House", "bedrooms": 8, "washrooms": 7, "livingrooms": 2, "guests": 16, "place_type": null, "property_description": "A beautiful and historic Victorian townhouse located in the vibrant neighbourhood of Camden, London.", "last_modified": "2023-03-09T00:00:00Z", "swimpool": true, "wifi": true, "tv": true, "gym": true, "fire_extinguisher": true, "aircondition": false, "parking": true, "bathtub": true, "status": true, "price": 700.0, "image1": "property_image/place9.jpg", "image2": "", "image3": "", "image4": "", "image5": "", "image6": "", "image7": "", "image8": ""}}, {"model": "properties.property", "pk": 19, "fields": {"owner": 5, "property_name": "Modern Condo", "country": "United States", "city": "New York", "detailed_address": "1010 5th Ave", "zip_postcode": "10028", "phone_number": "234-223-5566", "email": "alicesmith@example.com", "property_type": "Apartment", "bedrooms": 2, "washrooms": 2, "livingrooms": 1, "guests": 4, "place_type": null, "property_description": "A sleek and contemporary condo in the posh Upper East Side neighbourhood of New York.", "last_modified": "2023-03-09T00:00:00Z", "swimpool": false, "wifi": true, "tv": true, "gym": true, "fire_extinguisher": true, "aircondition": true, "parking": false, "bathtub": false, "status": true, "price": 500.0, "image1": "property_image/place2.jpg", "image2": "", "image3": "", "image4": "", "image5": "", "image6": "", "image7": "", "image8": ""}}, {"model": "properties.property", "pk": 20, "fields": {"owner": 5, "property_name": "Classic Apartment", "country": "United States", "city": "New York", "detailed_address": "55 Central Park West", "zip_postcode": "10023", "phone_number": "234-223-5566", "email": "alicesmith@example.com", "property_type": "Apartment", "bedrooms": 3, "washrooms": 2, "livingrooms": 1, "guests": 6, "place_type": null, "property_description": "A classic and elegant apartment overlooking Central Park, located in the iconic Upper West Side neighbourhood of New York.", "last_modified": "2023-03-09T00:00:00Z", "swimpool": false, "wifi": true, "tv": true, "gym": true, "fire_extinguisher": true, "aircondition": true, "parking": true, "bathtub": true, "status": true, "price": 600.0, "image1": "property_image/place3.jpg", "image2": "", "image3": "", "image4": "", "image5": "", "image6": "", "image7": "", "image8": ""}}, {"model": "properties.property", "pk": 21, "fields": {"owner": 5, "property_name": "Luxury Apartment", "country": "United Kingdom", "city": "London", "detailed_address": "789 Chelsea Embankment", "zip_postcode": "SW3 4LJ", "phone_number": "234-223-5566", "email": "alicesmith@example.com", "property_type": "Apartment", "bedrooms": 2, "washrooms": 2, "livingrooms": 1, "guests": 4, "place_type": null, "property_description": "A luxurious and spacious apartment overlooking the River Thames, located in the exclusive neighbourhood of Chelsea, London.", "last_modified": "2023-03-09T00:00:00Z", "swimpool": false, "wifi": true, "tv": true, "gym": true, "fire_extinguisher": true, "aircondition": false, "parking": false, "bathtub": false, "status": true, "price": 450.0, "image1": "property_image/place4.jpg", "image2": "", "image3": "", "image4": "", "image5": "", "image6": "", "image7": "", "image8": ""}}, {"model": "properties.property", "pk": 22, "fields": {"owner": 5, "property_name": "Cozy Cottage", "country": "United Kingdom", "city": "London", "detailed_address": "101 Highgate West Hill", "zip_postcode": "N6 6PB", "phone_number": "234-223-5566", "email": "alicesmith@example.com", "property_type": "House", "bedrooms": 3, "washrooms": 2, "livingrooms": 1, "guests": 6, "place_type": null, "property_description": "A charming and cozy cottage located in the leafy neighbourhood of Highgate, London.", "last_modified": "2023-03-09T00:00:00Z", "swimpool": false, "wifi": true, "tv": true, "gym": true, "fire_extinguisher": true, "aircondition": false, "parking": true, "bathtub": false, "status": true, "price": 580.0, "image1": "property_image/place5.jpg", "image2": "", "image3": "", "image4": "", "image5": "", "image6": "", "image7": "", "image8": ""}}, {"model": "properties.pricetag", "pk": 1, "fields": {"property": 2, "start_date": "2023-04-01", "end_date": "2023-04-05", "price": 150.0}}, {"model": "properties.pricetag", "pk": 2, "fields": {"property": 2, "start_date": "2023-06-01", "end_date": "2023-06-30", "price": 200.0}}, {"model": "properties.pricetag", "pk": 3, "fields": {"property": 2, "start_date": "2023-09-01", "end_date": "2023-09-30", "price": 250.0}}, {"model": "properties.pricetag", "pk": 4, "fields": {"property": 3, "start_date": "2023-05-01", "end_date": "2023-05-05", "price": 120.0}}, {"model": "properties.pricetag", "pk": 5, "fields": {"property": 4, "start_date": "2023-06-15", "end_date": "2023-06-30", "price": 180.0}}, {"model": "properties.pricetag", "pk": 6, "fields": {"property": 5, "start_date": "2023-07-01", "end_date": "2023-07-31", "price": 200.0}}, {"model": "properties.pricetag", "pk": 7, "fields": {"property": 11, "start_date": "2023-08-01", "end_date": "2023-08-31", "price": 150.0}}, {"model": "properties.pricetag", "pk": 8, "fields": {"property": 14, "start_date": "2023-09-01", "end_date": "2023-09-30", "price": 175.0}}, {"model": "reservations.reservation", "pk": 1, "fields": {"reserve_guest": 1, "reserve_host": 2, "reserve_property": 1, "check_in": "2023-07-01", "check_out": "2023-07-05", "last_modified": "2023-03-12T00:40:26.407Z", "status": "pending"}}, {"model": "reservations.reservation", "pk": 2, "fields": {"reserve_guest": 4, "reserve_host": 2, "reserve_property": 2, "check_in": "2023-07-05", "check_out": "2023-07-08", "last_modified": "2023-03-09T00:00:00Z", "status": "pending"}}, {"model": "reservations.reservation", "pk": 3, "fields": {"reserve_guest": 5, "reserve_host": 2, "reserve_property": 3, "check_in": "2023-08-20", "check_out": "2023-08-22", "last_modified": "2023-03-09T00:00:00Z", "status": "approved"}}, {"model": "reservations.reservation", "pk": 4, "fields": {"reserve_guest": 2, "reserve_host": 3, "reserve_property": 11, "check_in": "2023-05-01", "check_out": "2023-05-03", "last_modified": "2023-03-09T00:00:00Z", "status": "pending"}}, {"model": "reservations.reservation", "pk": 5, "fields": {"reserve_guest": 2, "reserve_host": 4, "reserve_property": 14, "check_in": "2023-05-03", "check_out": "2023-05-05", "last_modified": "2023-03-09T00:00:00Z", "status": "pending"}}, {"model": "reservations.reservation", "pk": 6, "fields": {"reserve_guest": 5, "reserve_host": 2, "reserve_property": 3, "check_in": "2023-03-23", "check_out": "2023-03-24", "last_modified": "2023-03-09T00:00:00Z", "status": "terminated"}}, {"model": "reservations.reservation", "pk": 7, "fields": {"reserve_guest": 4, "reserve_host": 2, "reserve_property": 4, "check_in": "2023-05-23", "check_out": "2023-05-24", "last_modified": "2023-03-09T00:00:00Z", "status": "denied"}}, {"model": "reservations.reservation", "pk": 8, "fields": {"reserve_guest": 3, "reserve_host": 2, "reserve_property": 5, "check_in": "2023-02-15", "check_out": "2023-02-17", "last_modified": "2023-03-09T00:00:00Z", "status": "completed"}}, {"model": "reservations.reservation", "pk": 9, "fields": {"reserve_guest": 4, "reserve_host": 2, "reserve_property": 5, "check_in": "2023-02-15", "check_out": "2023-02-17", "last_modified": "2023-03-09T00:00:00Z", "status": "canceled"}}]